{"sections":{"image_banner":{"type":"image-banner","blocks":{"heading":{"type":"heading","settings":{"heading":"Browse our latest products","heading_size":"h0"}},"button":{"type":"buttons","settings":{"button_label_1":"Shop all","button_link_1":"shopify:\/\/collections\/all","button_style_secondary_1":true,"button_label_2":"","button_link_2":"","button_style_secondary_2":false}}},"block_order":["heading","button"],"settings":{"image_overlay_opacity":40,"image_height":"large","desktop_content_position":"bottom-center","show_text_box":false,"desktop_content_alignment":"center","color_scheme":"inverse","image_behavior":"none","mobile_content_alignment":"center","stack_images_on_mobile":false,"show_text_below":false}},"2ac890d0-7a97-42b8-b6c6-3fe240868daf":{"type":"lookbook","blocks":{"80e69847-551f-4c7e-bdcd-4a6129b1b307":{"type":"item","settings":{"image":"shopify:\/\/shop_images\/Design_sem_nome.png","area_1_product_image":"shopify:\/\/shop_images\/woman-portrait-on-pink-brick.jpg","area_1_product_title":"Produto teste                               R$99.00","area_1_product_price":"","area_1_coords":"x50,y100,x200,y300","area_2_product_image":"shopify:\/\/shop_images\/model-with-leather-jacket-over-shoulders_f875357e-df4b-4441-b7f8-f0db0180c7e9.jpg","area_2_product_title":"produto teste R$99","area_2_product_price":"","area_2_coords":"x0,y0,x190,y500"}}},"block_order":["80e69847-551f-4c7e-bdcd-4a6129b1b307"],"settings":{"title":"","description":""}}},"order":["image_banner","2ac890d0-7a97-42b8-b6c6-3fe240868daf"]}